<annotation>
  <folder>dataset</folder>
  <filename>1376</filename>
  <path>C:\Projects\MachineLearningStudy\RL\chrome_dino_ai\dataset\1376.jpg</path>
  <source>
    <database>Unknown</database>
  </source>
  <size>
    <width>391</width>
    <height>130</height>
    <depth>1</depth>
  </size>
  <segmented>0</segmented>
  <object>
    <name>obstracle</name>
    <pose>Unspecified</pose>
    <truncated>0</truncated>
    <difficult>0</difficult>
    <bndbox>
      <xmin>286</xmin>
      <ymin>75</ymin>
      <xmax>312</xmax>
      <ymax>127</ymax>
    </bndbox>
  </object>
</annotation>
