<annotation>
	<folder>dataset</folder>
	<filename>1509.jpg</filename>
	<path>C:\Projects\MachineLearningStudy\RL\chrome_dino_ai\dataset\1509.jpg</path>
	<source>
		<database>Unknown</database>
	</source>
	<size>
		<width>391</width>
		<height>130</height>
		<depth>1</depth>
	</size>
	<segmented>0</segmented>
	<object>
		<name>obstracle</name>
		<pose>Unspecified</pose>
		<truncated>0</truncated>
		<difficult>0</difficult>
		<bndbox>
			<xmin>241</xmin>
			<ymin>39</ymin>
			<xmax>289</xmax>
			<ymax>74</ymax>
		</bndbox>
	</object>
</annotation>
