<annotation>
	<folder>dataset</folder>
	<filename>1601.jpg</filename>
	<path>C:\Projects\MachineLearningStudy\RL\chrome_dino_ai\dataset\1601.jpg</path>
	<source>
		<database>Unknown</database>
	</source>
	<size>
		<width>391</width>
		<height>130</height>
		<depth>1</depth>
	</size>
	<segmented>0</segmented>
	<object>
		<name>obstracle</name>
		<pose>Unspecified</pose>
		<truncated>1</truncated>
		<difficult>0</difficult>
		<bndbox>
			<xmin>283</xmin>
			<ymin>93</ymin>
			<xmax>320</xmax>
			<ymax>130</ymax>
		</bndbox>
	</object>
</annotation>
